Die Zusammenarbeit mit der Polizei klappe sehr gut.,T
Was imponiert Dir?,F
Wie kann man einem Verletzten sachgerecht helfen?,F
Oder im Umkreis von Zoos.,F
Das ist das oberste Prinzip.,F
Lust auf einen weibazclan?,F
Die Stadt Meißen war ebenfalls überflutet.,F
Unter den Sterneköchen war die EssenZ weit verbreitet.,F
Neben der Mehrwertsteuersenkung der nächste unfinanzierbare Unbug.,T
Die 5c hatte heute Sport.,F
Das Projekt ist als Gemeinschaftsprojekt konzipiert.,F
Sie ist für alle Menschen bestimmt.,F
Er war in den Anhänger eines Lastzuges geprallt.,F
Der Winter hat in Teilen Deutschlands Einzug gehalten.,F
Text des Antrags.,F
Heute soll eine Entscheidung verkündet werden.,F
Die Dreharbeiten werden abgebrochen.,F
Gelegentlich führen wir auch eigene Mädchenveranstaltungen durch.,F
Darunter fallen auch Energiekosten.,F
Spenden unter die Arme.,F
Aber eine Geiselnahme?,F
Der Geschmack sollte auch bei den Juroren wieder einkehren.,F
Sie handelt von Maßstäblichkeit.,F
Die Klasse 7 machte ein klasseninternes Projekt.,F
Größter Wert wurde auf die ergonomische Gestaltung der Benutzeroberfläche gelegt.,F
Rund 200´000 Franken kostet die Chororgel.,F
Die Burg Hohenzollern ist das Stammschloss der Hohenzollern.,F
Sie haben nur noch Schrottwert.,F
"Der Platz sollte ""angemessen"" genutzt werden.",F
Bei den bisherigen WM-Auktionen wurden insgesamt 170 000 Euro erzielt.,F
Das deutsche Spiel wurde nicht besser.,F
Michael Schumacher arbeitet sehr gut.,F
Diesmal könnte die Strategie aber schief gehen.,T
Sein Körper wurde niemals wiedergefunden.,F
Ein Klick auf die Grafik bringt Sie dort hin.,F
Zunächst waren Fachleute von einem Rohrbruch ausgegangen.,F
Einen für die Katholiken.,F
Allerdings könnte es in der kommenden Woche zu einer Verschnaufpause kommen.,F
"Was ich finde, sind auffangende Gedanken.",T
Der Telekommunikationsanbieter M-net wartet mit einem Vollanschluss-Aktionspaket auf.,F
Brauchen Sie kompetente Beratung?,F
Links werden Temperaturen mittels einer Falschfarbendarstellung gezeigt.,T
Das Eis war noch unverändert.,F
Die drohte ihm schließlich mit gerichtlichen Zwangsmitteln.,F
Nun dränge die Zeit.,F
Kontakt aufnehmen und Veranstaltungstermin vereinbaren.,F
Hompage-Titel: Wie nennst Du deine Homepage?,F
Die Hamburger Defensive teilte weiterhin gnadenlos aus.,F
Die einst vorgesehene Aktienkomponente entfällt.,F
Im Rohbau beginnen die Arbeiten des Trockenausbaus.,F
Die Büros der Kommission würden versiegelt.,F
Die zweite Maßnahme zielt weniger auf Hightech-Vorzeigeprojekte.,F
Damals hatten wir viel Spass.,F
Die Abgeordneten fordern schnelle Umsetzung der Pläne.,F
Der erste Schritt der Sammlung war die Umkehr.,F
Außerdem werden die Gremien weitere Pfarrgemeinderäte berufen.,F
Plötzlich fiel die Dreijährige über Bord.,F
Sie wollte alles wissen.,F
Die Beratung für Fusionen und Übernahmen ist passé.,F
Sie sind kein Arzt oder Apotheker?,F
Doch das kann ihn nicht aufhalten.,F
Dabei gebe es doch so viele Möglichkeiten.,F
Dabei beginnt die Koalition den Tag mit Gelassenheit.,F
Gleichzeitig wurde die alte DOS-Version aus dem Verkehr gezogen.,T
Auch in der Handelsschiffahrt sieht es dann schlecht aus.,F
Das Haus atmet Tradition.,F
Mündliche Anbote müssen schriftlich bestätigt werden.,F
Auch bei der Invalidenrente zeigte er sich unnachgiebig.,F
Dies freilich ist nur eine Nebenbemerkung.,F
Der Unfall passierte offenbar bei einem Motorrad-Stunt.,F
Es geschieht nichts.,F
Der Ethikrat sucht nach den Erfolgschancen von Siegern und Verlierern.,F
Es werden sogar Dienstverträge abgeschlossen.,F
Kantenschliff mit Facette oder Profilkante.,F
Eigentlich harmlose Blütenpollen können schwere Krankheitssymptome auslösen.,F
Angriff auf die Pressefreiheit,F
Wir begrüßen Sie auf unserer Internet-Seite.,F
Darüber hinaus werden die Investitionsausgaben der Wirtschaftsentwicklung angepasst.,F
Über die größere Fläche will die Region noch verhandeln.,F
Der Schnee ist kein Vergnügen.,F
Er bewirbt sich um eine weitere Amtsperiode von acht Jahren.,F
Jetzt muss eine Koalition gebildet werden.,F
Die ganze Familie zeigt sich verantwortlich für den Nachwuchs.,F
Es gibt viele Computer.,F
Sie möchten mehr solcher Hintergrundstories lesen?,F
Eine Frage.Keine Antwort.Ein Gesicht erbleicht.,F
Aber so ist es gar nicht.,F
"Analysten hatten im Durchschnitt mit einem Gewinn von 1,257 Mrd EUR gerechnet.",F
Rein auf Skriptbasis?,F
"Mieten betragen 8,5 bis 13,5 Euro.",F
Selbst die amerikanischen Glücksspielkonzerne sind große CRM-Nutzer.,F
Es sei lediglich die Rahmenkonzeption fortentwickelt worden.,F
Denn Biker halten zusammen.,F
Oder lindert den Trennungsschmerz.,F
Eine Wunde bricht auf.,F
Außerdem verfügte die Schwurgerichtskammer die Einweisung der Angeklagten in die geschlossene Psychiatrie.,F
Danach gehen wir zufrieden zu Bett.,T
Die zweite Hälfte lief da schon besser.,F
Charttechnisch sieht die Aktie gut aus.,F
"Facettenreicher Mensch, facettenreiche Zeiten.",F
Manchmal ist die Technik nicht so einfach.,F
Im gesamten Vorjahr waren nur 319 Fälle aufgetreten.,F
Er gilt als der große Schmerzensmann der modernen Literatur.,F
Der einzige Käufer sprang wieder ab.,F
Die klostereigene Bauhütte war auch in umliegenden Dörfern tätig.,F
Wie können wir unsere Kompetenz verdeutlichen?,F
Rund 1000 Arbeitsplätze seien gefährdet.,F
Über die Bedingungen der Transaktion haben die Parteien Stillschweigen vereinbart.,F
Und dann startete der Kunsthistoriker durch.,T
Aber ist der Drahtesel auch fit für die Tour?,F
Bei den Frauen sind es hingegen nur 33 Prozent.,T
Keine Vermietung von Tageszimmern.,F
Die weltgrößte Computermesse hat Probleme.,F
Die Umsetzung erfolgt in den nächsten Jahren.,F
Der Netzauftritt ist Euch vortrefflich gelungen.,F
Das ist wohl die eigentliche Aussage.,F
Zur Abschlusskundgebung versammelten sich etwa 50 Teilnehmer.,F
Somit wäre die Kündigung unwirksam.,F
Ab der 70. Minute wurde der Druck der Krostitzer stärker.,T
Aber konkret jetzt eine Szene?,T
Die Vermögensteilung konnte 1844 abgeschlossen werden.,F
Das Erscheinungsbild des Webcafes geht auf seine Karte.,F
Lassen Sie los!,F
Durch diesen Vorgang wurden die Sohlen länger haltbar.,F
Dabei wurde ein 34-jähriger Mann schwer verletzt.,F
In dieser Hinsicht werde eine Nulltoleranzpolitik verfolgt.,F
Abends startet die Auswahl beim Delmenhorster Hallencup.,F
Solche Recken braucht das Land!,F
"Nein, wir haben schon einen Staubsauger.",F
"Volkswirte hatten im Schnitt nur mit einem Auftragsplus von 1,3 Prozent gerechnet.",F
Wer ist politisch verantwortlich?,F
In besonderen Fällen beantworte ich sie natürlich.,F
Produktion von Tabakwaren.,F
Er erblickte nur eine Waffe mit Zielfernrohr.,F
Und zwar schöne Erinnerungen.,F
Fünf Schüler starben dabei.,F
Nun muss ein neuer Entscheid her.,F
Oft führten Samples zur Wiederentdeckung der Originale.,F
Die Frau wurde von einer 25-jährigen Kundin getreten und mit einem Handkantenschlag niedergestreckt.,F
Die Polizei wollte sich zunächst nicht äußern.,F
Ist wieder in der Stadt.,F
Es folgen drei Abende mit Feuerwerk und Konzerten.,F
Die Chancen auf Erfolg sind gar nicht schlecht.,F
Sie lesen gerne englisch?,F
Sie möchten gern selbst aktiv werden?,F
Mitten in Ihrer Trauer.,F
"Das wäre ein Signal für ein gutes Betriebsklima.""",F
Das Kursziel setzte Merrill Lynch bei 18 Dollar.,F
Sehr gut für LRK-Motoren geeignet.,F
Trainingszeiten und Ansprechpartner runden den Informationsgehalt ab.,F
Eine Kündigung ist nicht erforderlich.,F
Die Planungen reichten bis in den Dezember.,F
Folgen Sie dazu dem Installationsassistenten.,T
Er war der Sohn eines niederländischen Offiziers.,F
Weltmeister Italien scheidet aus.,F
«Ich habe überhaupt nichts Neues gesagt.»,F
Aber diese Niederlage ist kein Beinbruch.,F
In die Vordiplomsnote gehen nur die Noten der Prüfungsleistungen ein!,F
Ca. 20 Personen waren an einer Auseinandersetzung am Hallenbadparkplatz beteiligt.,F
Als erster Schritt erfolgt die Katalogisierung der illustrierten Einblattdrucke.,T
Das war heftig.,F
Warum machen Sie keine Langzeittherapie?,F
Ich werde mich jetzt aus dem Fenster stürzen.,F
Jetzt haben Sie zusätzliche Komponenten eingebaut.,F
In Marzahn-Hellersdorf liegt auch der Direktwahlkreis von Gysi.,F
Das Publikum sitzt im Rathausfoyer auf Tuchfühlung mit dem Orchester.,F
Hier die Bilder vom Lehrgang.,F
Eine Sorge wurde Funkel schon genommen.,F
Webmaster können sich kostenlos anmelden!,F
Andere Fussgruppen auf Wunsch.,F
Die Oma-Liga hat ihnen neue Lebensenergie verliehen.,F
Auch zum Fugenhobeln geeignet.,F
Er wird heute dem zuständigen Haftrichter vorgeführt.,F
Im Extremfall droht der Verlust der Extremität.,T
Dort wurden insgesamt 150 Alltagsgeschichten aus Salzburg gesammelt.,F
Bilanziell sei der Ausgleich durch Entnahmen aus den Rücklagen erfolgt.,T
Und zwar Tage vorher?,F
Und wir werden uns bestimmt bald wiedersehen.,F
Nach dem Führungstreffer sind die Bremer zu passiv.,T
Gute Voraussetzung für ein Scheitern der Mediation.,F
"Dadurch sei die EBITDA-Marge von 48,6% auf 43,3% geschrumpft.",T
Vorher möchte ich aber noch einen Titel gewinnen.,T
Jedenfalls denken so immer mehr.,T
Das Kabinenpersonal stimmte in einer Urabstimmung zu 80 Prozent für einen Streik.,T
"Das ist nicht unrealistisch, sagt Beuthan.",T
Der Fehler wurde kurz nach der Benachrichtigung vom Betreiber beseitigt.,T
Was war am Sonntag passiert?,F
Trotzdem ist ihr Ruf miserabel.,F
Bei den beteiligten Fahrzeugen wurden jeweils die Außenspiegel beschädigt.,F
Am 1. September 1983 erteilte der Regierungspräsident die Abgrabungsgenehmigung.,T
Ein deftiger Eintopf wird vom Roten Kreuz gegen Mittag serviert.,T
Werden Sie Autoren abwerben?,F
Die Mitgliedschaft verlängert sich sonst automatisch.,F
Vereinigung für Zen-Kampfkunst Düsseldorf e.V.,F
Sie sei gegen 2 Uhr zur Toilette gegangen.,F
Die Zuwanderung erfolge im Ãbrigen hauptsÃ¤chlich aus dem Ammerland.,F
Dies geht aus der am Dienstag veröffentlichten Stellungnahme des Managements hervor.,F
Was passiert dann in ihm?,F
Beim elektronischen Anmelden werden Kreditkartennummer oder Bankverbindung abgefragt.,T
Die ganze Welt verfällt in einen Technologie-Rausch von unglaublichem Ausmaß.,F
Außerdem wolle das Unternehmen den entsprechenden IT-Entwickler zur Verantwortung ziehen.,F
So konnte der Botanische Garten der Ruhr-Uni die Anlage übernehmen.,F
Ohne elektronische Kommunikation ist dies kaum möglich.,F
Dateinamen in einer Zelle ausgeben.,F
Jetzt erwartungstungsgemäß wieder beim Euro.,F
Dafür sei es aber noch zu früh.,F
Der nächste A380 wird am 19. September an die australische Qantas abgeliefert.,F
"Er beträgt jedoch mindestens 20,00 DM im Jahr.",F
Hier gibt es die nächsten Ereignisse im Kalender.,F
Es wurde mit mehreren Rohren eine Riegelstellung aufgebaut.,F
Lage und Orientierung?,F
Eine Nahbereichsfahndung hatte teilweise Erfolg.,F
Eine Arbeitsgruppe des Innenministeriums wertete den Modellversuch als Erfolg.,F
Der Zug wird live im Bayerischen Fernsehen übertragen.,F
Qualität statt Sonnyboy.,F
Meilensteine können zu sog. Meilensteinplänen zusammengefaßt werden.,F
Das gelang ihm trefflich.,F
Über einen Schlauch wird die Pumpe mit Druckluft angetrieben.,F
Der Katamaran legt um 8.30 Uhr ab.,F
Die Hisbollah gab bislang keine Stellungnahme zu dem Bericht ab.,F
Den Rest übernimmt euer Offizier.,F
Ich kam vom Thema ab.,F
Die Signatur finden Sie bei den Einzelbänden.,F
Nicht nur für das Gebet.,F
Ein besonderes Ausbildungsverhältnis wird nicht begründet.,F
Seien Sie nicht aufgesetzt.,F
Ein Regensensor wird hinter dem Rückspiegel im Innenraum angebracht.,F
Prozess Ein in Ausführung befindliches Computerprogramm.,F
Möglichkeiten auf die Behinderung abstimmen.,F
Der Vizekönig muss sein Geschick unter Beweis stellen.,F
Beteiligt waren aber insgesamt sechs Bleifüsse.,F
Eine einmalige Aktion in der Geschichte des deutschen Fußballs.,F
Also freundete ich mich mit einer schwarzen K an.,F
Sie werben für Kooperationen?,F
Eine besonders große Gefahr besteht in der Alltagsroutine.,F
Mein Auftritt beginnt.,F
"Ansicht der Bauchseite mit Genitalfurche, Genitalöffnung und After.",F
Die Sendung ist hier zu finden.,F
Ein Tötungsdelikt war nicht darunter.,F
Möglicherweise geht die Zahl der kämpfenden Ausländer in die Tausende.,F
Die Jones-Kommission kam zu ernüchternden Erkenntnissen.,F
Der Wert des Diebesgutes ist bislang noch nicht bekannt.,F
Dem spanischen Rekordmeister unterlief auf dem Transfermarkt ein peinlicher Fehler.,F
Vor etwa zwei Wochen traf das Organisations-Team eine Lösung.,T
Das wäre ein guter Protestauftakt.,F
"Sie legten um 7,2 Prozent auf 1263 Stück zu.",F
"Der Privatisierung, d.h.",F
Zur Branchenkrise kamen Berichte über halbseidene Geschäftsmethoden.,F
Das Hotel wurde 1989 in Betrieb genommen.,F
Das war das Geilste auf der Welt.,F
Die Aufnahme erfolgt durch den Beschluss der Mitgliederversammlung aufgrund eines Aufnahmeantrages.,F
Gruß Manfred Antworten:,F
Kaputte Zahnräder interessieren mich nicht.,F
Das Geschütz wird einzellafettiert und fernbedient.,F
Schier unfaßbar waren die Berichte der Bewohner.,F
Dazu öffneten sie ein Fenster.,T
Die Analysten müssen ihr Bewertungsmodell leicht anpassen.,F
"Es ist das Sinnbild der Wirtschaft, der Natur und der Arbeit.",F
Es herrscht maritimes Klima mit westlichen Winden.,F
Das Ausmaß der nachzuweisenden Stunden richtet sich nach der Dauer des Auslandsstudiums.,F
Der Mann arbeite für ein Hilfsprogramm im Gazastreifen.,F
Zur Höhe der Investitionen wurden keine Angaben gemacht.,F
Das Baby war im März an einer Schädelhirnverletzung gestorben.,F
Afghanistan: Empörung über zivile Opfer .,F
Nach dem Scheitern des Putsches verübte er einen mißglückten Selbstmordversuch.,T
Schüler wurden nicht verletzt.,F
Das Problem ist also nicht gelöst.,F
Sein neuestes Produkt ist eine Portal-Seite namens avgateway.,F
"Dort stieg der Umsatz um 18,5 Prozent auf 19,627 Milliarden Dollar.",F
Ebenso die taktischen Vorgaben.,F
"Es ist selbstverst""ndlich absolut freiwillig.",F
Im Anschluss wird ein desinfizierendes Additiv zudosiert.,F
Das Webangebot wird von der Bund-Länder-Kommission für Bildungsplanung und Forschungsförderung herausgegeben.,F
Was hat euch dort besonders beeindruckt?,F
Die Eheleute arbeiteten an verschiedenen Orten.,F
Der Franzose hatte sich vor der ersten Bergwertung abgesetzt.,F
Mode als Statement.,F
Das bleibt aufrecht.,F
Das seien drei Prozent mehr als im April.,F
So stehen Plastikmöbel auf dem Index.,F
Die Brandbriefe sind raus.,F
Sie werden Ihnen automatisch in der Trefferliste angezeigt.,F
Einen weitergehenden Klärungsbedarf zeigt die Beschwerde nicht auf.,F
Der Welpe kam mit einer kleinen Schramme an der Nase davon.,F
Frau Kipling stirbt.,F
Konkretisiert wurden diese jedoch nicht.,F
Ihr Leben ist versichert.,F
Zum außerordentlichen Konsistorium werden alle Kardinäle zusammengerufen.,F
Was sollte ich vor dem Kauf beachten?,F
Können Sie das Grundstück zweimal verkaufen?,F
Einen kleinen Vorgeschmack der Aufnahmen finden Sie in unserer Galerie.,F
Daneben gibt die Besatzung gern Auskünfte.,F
Es ist schade um einen großen Musiker.,F
Im Prozess wies ein Zeuge die Vorwürfe des Angeklagten zurück.,T
Innerhalb weniger Augenblicke wurden sie aus dem Leben gerissen.,F
Der Feinstaubkleber verursache auch keine Korrosionsschäden an Fahrzeugen.,F
Vom Wechselrichter geht dann eine Wechselstromleitung zum Stromeinspeise-zähler.,F
Ein Norbert Elias-Lesebuch.,F
Auto und Rad blieben heil.,F
Katharina Kalinowski knetet nervös ihre Hände.,F
Juni 2001 Am 01.,F
Es kam zu keinen größeren Verkehrsbehinderungen.,F
April) beginnen.,F
Sie sollen jeweils zehn Monate an einem Sozialtraining teilnehmen.,F
Die Neuregelung verstoße nicht gegen das Nettoprinzip.,F
Ihre Beute: 47 Millionen Euro!,F
Die Netzhaut der Augen kann durch eine Diabetes-Erkrankung geschädigt werden.,F
Dies sichert eine hohe Akzeptanz im Volk.,F
Allerdings hatte er die Rechnung ohne die Gastgeber gemacht.,F
Die Regelvorschläge findet Ihr in den nachfolgenden Beiträgen.,F
Nun reagierten die Kapitalmärkte mit einem Kurssprung.,F
Julian Lüttmann traf in der 71.,F
Kassenbestand deckte die betrieblichen finanziellen Bedürfnisse ab.,F
Einen Fragebogen finden Sie hier.,F
Der erste Block flitzt durchs Ziel.,F
Die Transportmittel für diese Umsiedlung waren völlig unzureichend.,F
Selbst ein Suizidversuch sei nicht ausgeschlossen.,F
Gott hat keinen vergessen.,F
Gelingt der 19. Sieg in Folge?,F
Airen hat seine zweite Selbstbedienungstheke aufgemacht.,F
Ein Bezug zu konventionellen Katalogformen ist hier nicht erkennbar.,F
Abbas rief vergeblich zu einer sofortigen Waffenruhe auf.,F
Die Industriegruppe wurde vor Jahren zerlegt und verkauft.,F
Auf das Girokonto überweist die Direktbank einen Euro pro Monat.,F
Natürlich bin ich sehr zufrieden.,F
Ein großer Vertrauensschaden war entstanden.,F
Doch Einkaufszentren sind keine Autofabriken.,F
Ich versuche es jedenfalls.,F
Unsere Seiten sind noch in Entwicklung.,F
Nun sitzt der 29jährige Inhaber vor dem Berliner Landgericht.,F
Einige der genannten Firmen unterhalten ein Vertriebsnetz.,F
Musikindustrie steigert Umsatz im Onlinesektor - Yahoo!,F
Dagegen fällt die Importrechnung günstiger aus.,F
Dann fuhr er mit voller Kraft weiter.,F
Durch ein beauftragtes Abschleppunternehmen wurde der Wagen von der Unfallstelle entfernt.,F
Sehr positive Interpretation der EU-Kommission!,F
Schuhe dürfen unten bleiben.,F
Sie soll Dynamik und Hochwertigkeit verkörpern.,F
Durch den Brand wurden fünf Transporter und ein Bagger zerstört.,F
MZ ist ein Teil seines Lebens.,F
Erinnerungen an die Marktwirtschaft.,F
Vorsitzender der Verbandsversammlung ist Rolf Schäfer.,F
Die naturwissenschaftlichen Fächer sollen anwendungsorientierter gestaltet werden.,F
Zu dem Schluss kommt ein Bericht des Deutschen Ministeriums für Umwelt.,F
Er erfasst die Beschreibung ausgewählter Antiquitätenhändler mit hochwertigen Angeboten.,F
Schumacher bestreitet die Vorwürfe der Münchener Staatsanwälte.,F
Natürlich mit einem Pfiff.,F
Die Gifte werden dann mit hohem Druck ins Grundwasser gepresst.,F
Die Griechen klärten endgültig mit einer 19:6-Serie die Fronten.,F
Diese Speichersysteme wurden von KPNQwest zur Verfügung gestellt.,F
Auch die S-Bahn macht mit.,F
Dies liegt meist an den Geräusch- und Abgasvorschriften.,F
Wegen des großen Andrangs verspäteten sich viele Züge.,T
Hinzu kommt eine Vielzahl von Sportstätten.,F
Außerdem erfolgt ein Bericht an das zuständige Jugendamt.,F
Diese Daten werden dann direkt aus dem Cache-Speicher bereitgestellt.,F
Aber erst muss der rechtliche Rahmen geschaffen werden.,F
Schlägt er los?,F
Das Virus hat sich in dem Unternehmen weltweit fortgepflanzt.,F
Jetzt dichtest Du damit das Leck ab.,F
Mittels einer Verbindung zu einem Personalcomputer wird ein Prüfzertifikat erstellt.,F
Sie regeln die Eingruppierung der Angestellten im Öffentlichen Dienst.,F
Nun soll der Browser mit einem Grundgerüst für Extensions ausgerüstet werden.,F
Für professionellen Einsatz.,F
Unbehandelt endet die Krankheit tödlich.,T
Geschichte im Spiegel von Geschichtsschreibung und Geschichtsdeutung.,F
Schlicht ein Übersehen?,F
Am nächsten Morgen standen wir ganz früh auf.,F
Das Arbeitslosengeld soll erhalten bleiben.,F
Die Höhe der Hindernisse entspricht ungefähr der Oberkante der Bande.,F
Einschätzung und Alternative Finger weg!,F
Die Lichtführung verlangt die Schließung der großen Südfenster des Kirchenschiffs.,F
"Prozent auf 53,33 Euro ab.",F
Die deutschen Farben sind gleich dreimal vertreten.,F
Die ganze Energie ist im Kopf.,F
1950 hatte Deštnice 337 Einwohner.,F
Woher kommen die IT-Experten?,F
Die KIA-MOBILITÄTS-GARANTIE gilt 36 Monate ohne Kilometerbegrenzung ab der Erstzulassung.,F
Denken sie gerade an die Ökosteuer?,F
Eine Absage des Castings sei nicht verlangt worden.,F
In der Schule hatte er von der Aktion erfahren.,F
Pjöngjang stieg aus ihnen aus.,F
Dafür braucht es eine gesellschaftliche Stimmung.,F
Anschließend wurden die Schächte für das Fundament ausgehoben.,F
Die Täter flüchteten zu Fuß in Richtung Stöfenpark.,F
Damit erfüllen die Firmen die Vorgaben des Kyoto-Protokolls zum Klimaschutz.,F
Am 3. Oktober 1990 ist Deutschland wiedervereinigt.,F
Ein positives Beispiel ist die evangelische Kindertagesstätte in Herborn-Hörbach.,F
Ist es zu vielseitig?,F
Wie bereite ich ein Vorstellungsgespräch vor?,F
Das müsse wachsen.,F
Diese Seiten können nur mit einem Framefähiger-Browser gesehen werden.,F
Und diese Chance hat sie genutzt.,F
Alles erscheint sehr übersichtlich.,F
Ein Martini ist genau richtig.,F
Die genauen Konditionen entnehmen Sie bitte dem beiliegenden Angebot.,F
Hier kommen dann die komplexeren Lösungen zum Einsatz.,F
Die Adressen finden Sie in unserem Branchenbuch.,F
Einige Länder haben aber rechtliche Bedenken angemeldet.,F
Die Gefahr einer wirtschaftlichen Stagnation ist weiterhin groß.,F
Die Kosten für das Kabel werden aus den benötigten Metern errechnet.,F
Gibt es einen Gegenbesuch?,F
Die neue Dimension bei der BlowerDoor-Messung!,F
Sie verfügen allesamt über große Erfahrungen im GT-Rennsport.,F
Im Vordergrund steht die Nutzung der Vorteile einer Turnhalle.,F
Die Stufenform der Notizwürfel verlangte eine besondere sorgfälltige Verarbeitung.,F
Milliardär Icahn steigt bei Yahoo!,F
Die Münchner müssen den Last-Minute-Sieg in Hoffenheim teuer bezahlen.,F
Auf einer Leinwand können die Zuschauer den Fortgang der Auszählung verfolgen.,F
Eine kleine Fähre setzt nach Sardinien über.,F
Erst einmal Richtung Norden.,F
Wir sind heiss auf die Revanche.,F
Es war ein erfolgreiches Debüt.,F
Familien sind herzlich willkommen!,F
Zudem erhöht sich der Ertrag pro Fläche.,F
Als Abnehmer kommen die Stadtwerke in Frage.,F
Meistens sind Praktika Teil der Ausbildung.,F
Mit einer Verschwörung der Frauen.,F
Union braucht bessere Leute!,F
Das Projekt erfordert ein Investment von 80 Millionen Mark.,F
Gästebuch anschauen und eintagen!,F
Dennoch eine beeindruckende Leistung von ihm.,F
"Profilholz, Messing, selbstgefertigte Abziehbilder?",F
Zur Wohnung gehört ein überdachter Autoabstellplatz.,F
Danach können Sie den Screensaver installieren.,F
In der Folge stieg die Risikoaversion stark an.,T
Unter meinen Händen.,F
Dort sollen 1000 Arbeitsplätze abgebaut werden.,F
Weitere Mechanismen sind eng mit der Kreislaufregulation gekoppelt.,F
Der Donnerstag steht im Zeichen des Rock.,F
Schiefe Zähne sind jedoch kein Schicksal.,F
Die Opposition gibt sich skeptisch.,F
Sie sind nach den Olympischen Spielen aus der Nationalmannschaft zurückgetreten.,F
Damit hatte er die Vertrauensfrage begründet.,F
Sie bietet zumindest in einem positiven Umfeld solide Reize.,T
Kernspecht einen Lehrgang in Mülheim!,F
Die Schweizer Schwinggemeinde hätte ihre helle Freude.,F
Auch Japan forderte eine bessere Abstimmung.,F
"Beteiligt sind unter anderem Gewerkschaften, Wohlfahrtsverbände, Kommunen und Migrantenvereine.",F
Der Aufschlag wurde leider nicht besser.,F
Am Anfang stand Goethe.,F
Demgemäß wurde die Beweisaufnahme schließlich einvernehmlich geschlossen.,F
"Ein autobiographischer Song.""",F
Das ist in der Forschung unbestritten.,F
Orange startet heute mit den ersten Internet-Abonnements für Unternehmen.,F
Details zum Geschäftsverlauf nannte Kaeser nicht.,F
Auch außerhalb der üblichen Geschäftszeiten.,F
Dadurch sei ein Teil der Pumpen ausgefallen.,F
Bedeutet das sein Ende?,F
Nephele gebiert einen Sohn mit Namen Kentauros.,F
"An der Indexspitze legten BMW 6,6 Prozent zu.",T
Antwortfax liegt zum Download bereit.,F
Ein Steamcracker zählt zu den kompliziertesten Anlagen der Petrochemie.,F
Bibber-MaiWann kommt endlich der Sommer?,F
Location Hand angelegt.,F
Was fasziniert Sie so am Bösen?,F
Die   Reichen und Superreichen der Welt werden immer reicher.,F
Dabei werden die Stammzellen in die Blutbahn des Empfängers gespritzt.,F
Berechnung:Von der Berechneten Umsatzsteuer werden die abziehbaren Vorsteuerbeträge abgezogen.,F
Auf Veronica wartet eine abenteuerliche Geschichte.,F
Das Datum steht allerdings noch nicht fest.,F
Auch hier drohen möglicherweise teure Schadenersatzprozesse.,F
Noch im Nachhinein bekam ich einen knallroten Kopf.,F
Aus diesem Grund ist auch die Öffentlichkeit von der Verhandlung ausgeschlossen.,T
Schlaflosigkeit ist ein weiteres Indiz.,F
Die Infomaterialien erhalten Sie kostenlos und unverbindlich!,F
Bücher - Musik - Edelsteine.,F
Eine Kastenform leicht fetten.,F
Das beginnt schon in der doppelten Eröffnungsszene.,F
Das Parlament wurde 2002 aufgelöst.,F
Die steilen Dünen zwingen uns zu höherer Geschwindigkeit.,F
Zur Betreuung des Bankkunden wurde der Rettungsdienst Zug beigezogen.,F
In die Untersuchung wurden insgesamt 16.293 Datensätze einbezogen.,F
Samstag Morgen gegen 13h.,F
"Vom Käfer bleibt ein minimaler, trockener Rest.",F
"Antje Kunstmann Verlag, München 2001. 120 S. , 19,80 Mark.",F
"Auf offener Straße, an fremde Leute.",T
"Außerdem besteht die Möglichkeit, das Einradfahren zu erlernen.",F
"Das Bahnpersonal versuchte, Ruhe zu bewahren.",F
"Das DRF-Luftrettungszentrum verfügt über drei Piloten, fünf Rettungsassistenten und 15 Notärzte.",F
"Das Endkundengeschäft sorgt für Mengenabsatz, das Fachhandelsgeschäft für Umsatzzuwachs.",F
"Der neue Aufschwung hat begonnen, den Arbeitsmarkt zu entlasten.",F
"Die Frau wurde leicht verletzt, ebenso die Pferde.",F
"Die Schenkel sind ungezähnt, die Tarsen viergliedrig.",F
"Die Stadt war gezwungen, den Kredit zu verlängern.",F
"Dort half er mit, den Abstieg zu verhindern.",F
"Du glaubtest, ich läge falsch.",F
"Ein Hengst, dem die Zukunft gehört!",F
"Er sei zuversichtlich, dass es genehmigt werde.",F
"Erst packend, dann tastend.",F
"Erwartungen, Anliegen und Zielvorstellungen der Eltern.",F
"Es ist bedauerlich, wenn das Echo unvollständig ist.",T
"Hauptsache, den wichtigen Senf abgeben.",T
"Je kleiner, desto billiger.",F
"Käckenmester, Renate STD SGi Freiburg 273 24.",F
"Leere Straßen, volle Balkons.",T
"Neue falsche Schreibweise, richtige Ableitung.",F
"Schön, daß Du da warst.",F
"Tolle Aktionen, starke Sprüche.",F